code,name,state,territory,country,quiz,latitude,longitude,population,national_capital,state_capital,manually_added,nicknames,db_match,name_ar
syria-1,Dimashq,Dimashq,,Syria,asia,33.5130695,36.3095814,1414913,1,1,,,,دمشق
syria-2,Al-Yarmūk,Dimashq,,Syria,asia,33.4724791,36.3048029,137248,0,0,,,,اليرموك
syria-3,At-Tall,Rīf Dimashq,,Syria,asia,33.6086226,36.3119984,44597,0,0,,,,التل
syria-4,Manīn,Rīf Dimashq,,Syria,asia,33.6407928,36.2990787,17521,0,0,,,,منين
syria-5,Ma'rabā,Rīf Dimashq,,Syria,asia,33.5759528,36.2976262,10290,0,0,,,,معربا
syria-6,Rankūs,Rīf Dimashq,,Syria,asia,33.7561105,36.3903366,7717,0,0,,,,رنكوس
syria-7,Baddā,Rīf Dimashq,,Syria,asia,33.686692,36.4287694,6564,0,0,,,,بدا
syria-8,Ḥalbūn,Rīf Dimashq,,Syria,asia,33.6632317,36.2474975,6521,0,0,,,,حلبون
syria-9,Ṣaydnāyā,Rīf Dimashq,,Syria,asia,33.698858,36.3726513,5194,0,0,,,,صيدنايا
syria-10,Talfītā,Rīf Dimashq,,Syria,asia,33.7014136,36.3191469,4082,0,0,,,,تلفيتا
syria-11,Ḥafīr al-Fawqā,Rīf Dimashq,,Syria,asia,33.7121277,36.4727006,3441,0,0,,,,حفير الفوقا
syria-12,Ma'arrat Ṣaydnāyā,Rīf Dimashq,,Syria,asia,33.6711731,36.3844877,3084,0,0,,,,معرة صيدنايا
syria-13,Ḥawsh 'Arab,Rīf Dimashq,,Syria,asia,33.8140915,36.4478895,2073,0,0,,,,حوش عرب
syria-14,Ad-Durayj,Rīf Dimashq,,Syria,asia,33.6212939,36.260153,1769,0,0,,,,الدريج
syria-15,Ma'rūnah,Rīf Dimashq,,Syria,asia,33.6376486,36.4001582,1153,0,0,,,,معرونة
syria-16,Al-Fayyāḍiyah,Rīf Dimashq,,Syria,asia,33.805679,36.4113833,785,0,0,,,,الفياضية
syria-17,Akūbar,Rīf Dimashq,,Syria,asia,33.7415429,36.4690684,563,0,0,,,,عكوبر
syria-18,Al-Jurniyah,Rīf Dimashq,,Syria,asia,33.7825611,36.3919721,271,0,0,,,,الجرنية
syria-19,Al-Maḥabbah,Rīf Dimashq,,Syria,asia,33.8000372,36.4237601,100,0,0,,,,المحبة
syria-20,Sabnah,Rīf Dimashq,,Syria,asia,33.8047021,36.2825579,94,0,0,,,,سبنة
syria-21,Ayn Darah,Rīf Dimashq,,Syria,asia,33.8376917,36.2475456,63,0,0,,,,عين دره
syria-22,An-Nūr,Rīf Dimashq,,Syria,asia,33.7537339,36.344522,55,0,0,,,,النور
syria-23,Az-Zabadānī,Rīf Dimashq,,Syria,asia,33.7244465,36.100194,26285,0,0,,,,الزبداني
syria-24,Ad-Dīmās,Rīf Dimashq,,Syria,asia,33.5877734,36.0921132,14574,0,0,,,,الديماس
syria-25,Maḍāyā,Rīf Dimashq,,Syria,asia,33.6901098,36.1029393,9371,0,0,,,,مضايا
syria-26,Sirghāyā,Rīf Dimashq,,Syria,asia,33.8116375,36.1596109,7501,0,0,,,,سرغايا
syria-27,Dayr Muqrin,Rīf Dimashq,,Syria,asia,33.616582,36.1538618,4803,0,0,,,,دير مقرن
syria-28,Ar-Rawḍahl-Bṭrūnah,Rīf Dimashq,,Syria,asia,33.654013,36.0230159,4536,0,0,,,,الروضة_البطرونة
syria-29,Dayr Qānūn,Rīf Dimashq,,Syria,asia,33.6046161,36.1367188,4213,0,0,,,,دير قانون
syria-30,Kufayr az-Zayt,Rīf Dimashq,,Syria,asia,33.6114964,36.1392078,4170,0,0,,,,كفير الزيت
syria-31,Ayn al-Fījah,Rīf Dimashq,,Syria,asia,33.6156215,36.1834478,3806,0,0,,,,عين الفيجة
syria-32,Kufayr Yābūs,Rīf Dimashq,,Syria,asia,33.6971816,36.009311,3801,0,0,,,,كفير يابوس
syria-33,Sūq Wādī Baradā,Rīf Dimashq,,Syria,asia,33.6251481,36.1080623,3678,0,0,,,,سوق وادي بردى
syria-34,Blūdān,Rīf Dimashq,,Syria,asia,33.7252614,36.1273645,3101,0,0,,,,بلودان
syria-35,Hurayrah,Rīf Dimashq,,Syria,asia,33.6730308,36.1222643,2455,0,0,,,,هريرة
syria-36,Ayn Ḥawr,Rīf Dimashq,,Syria,asia,33.7696937,36.1389252,1974,0,0,,,,عين حور
syria-37,Buqayn,Rīf Dimashq,,Syria,asia,33.7011963,36.1040551,1866,0,0,,,,بقين
syria-38,Kafr al-'Awāmīd,Rīf Dimashq,,Syria,asia,33.6199418,36.1184385,1588,0,0,,,,كفر العواميد
syria-39,Al-Ḥusayniyah,Rīf Dimashq,,Syria,asia,33.6100846,36.121409,1563,0,0,,,,الحسينية
syria-40,Mazra'at Dayr al-'Ashā'ir,Rīf Dimashq,,Syria,asia,33.5767009,36.0099025,1107,0,0,,,,مزرعة دير العشائر
syria-41,Qurā al-Asad,Rīf Dimashq,,Syria,asia,33.5577179,36.1333929,1067,0,0,,,,قرى الأسد
syria-42,Afrah,Rīf Dimashq,,Syria,asia,33.6553871,36.1873905,1029,0,0,,,,افرة
syria-43,Judaydat Yābūs,Rīf Dimashq,,Syria,asia,33.6544117,35.973335,994,0,0,,,,جديدة يابوس
syria-44,Barhaliyā,Rīf Dimashq,,Syria,asia,33.6267082,36.1152258,821,0,0,,,,برهليا
syria-45,Ḥawsh Bajd,Rīf Dimashq,,Syria,asia,33.6528407,36.0608044,604,0,0,,,,حوش بجد
syria-46,Yābūs,Rīf Dimashq,,Syria,asia,33.6717376,36.0084071,369,0,0,,,,يابوس
syria-47,Ma'dar,Rīf Dimashq,,Syria,asia,33.7381044,36.0112734,66,0,0,,,,معدر
syria-48,Ar-Ruḥaybah,Rīf Dimashq,,Syria,asia,33.7445319,36.703025,30450,0,0,,,,الرحيبة
syria-49,Al-Quṭayfah,Rīf Dimashq,,Syria,asia,33.737722,36.5989453,26671,0,0,,,,القطيفة
syria-50,Jayrūd,Rīf Dimashq,,Syria,asia,33.8067959,36.7392812,24219,0,0,,,,جيرود
syria-51,Mu'aḍḍamīyat al-Qalamūn,Rīf Dimashq,,Syria,asia,33.744175,36.6444993,14228,0,0,,,,معضمية القلمون
syria-52,An-Nāṣiriyah,Rīf Dimashq,,Syria,asia,33.871846,36.8141218,4827,0,0,,,,الناصرية
syria-53,Ḥillah,Rīf Dimashq,,Syria,asia,33.7369163,36.5307253,3921,0,0,,,,حله
syria-54,Jub'adīn,Rīf Dimashq,,Syria,asia,33.8226185,36.5115302,3778,0,0,,,,جبعدين
syria-55,Ayn at-Tīnah,Rīf Dimashq,,Syria,asia,33.8167423,36.5579698,3206,0,0,,,,عين التينة
syria-56,Ma'lūlā,Rīf Dimashq,,Syria,asia,33.8441858,36.5461523,2762,0,0,,,,معلولا
syria-57,At-Tawānī,Rīf Dimashq,,Syria,asia,33.778219,36.50141,2446,0,0,,,,التواني
syria-58,Al-'Aṭanah,Rīf Dimashq,,Syria,asia,33.8471953,36.7670299,1897,0,0,,,,العطنة
syria-59,Al-Manṣūrah,Rīf Dimashq,,Syria,asia,33.8922112,36.8128744,878,0,0,,,,المنصورة
syria-60,An-Nabk,Rīf Dimashq,,Syria,asia,34.0234186,36.7335028,32548,0,0,,,,النبك
syria-61,Qārah,Rīf Dimashq,,Syria,asia,34.155107,36.7457916,12508,0,0,,,,قارة
syria-62,Dayr 'Aṭiyah,Rīf Dimashq,,Syria,asia,34.0920051,36.7641986,10984,0,0,,,,دير عطية
syria-63,Mashrafat Fulayṭah,Rīf Dimashq,,Syria,asia,34.03041,36.5840865,6475,0,0,,,,مشرفة فليطة
syria-64,As-Saḥl,Rīf Dimashq,,Syria,asia,34.0234923,36.6603902,5677,0,0,,,,السحل
syria-65,Al-Jarājīr,Rīf Dimashq,,Syria,asia,34.0858423,36.6621384,4022,0,0,,,,الجراجير
syria-66,Al-Qasṭal,Rīf Dimashq,,Syria,asia,33.9247321,36.6969944,3486,0,0,,,,القسطل
syria-67,Qaldūn al-Marāḥ,Rīf Dimashq,,Syria,asia,33.8786974,36.6869866,2561,0,0,,,,قلدون المراح
syria-68,Al-Ḥumayrah,Rīf Dimashq,,Syria,asia,34.1764629,36.8474739,1740,0,0,,,,الحميرة
syria-69,Al-Ḥajar al-Aswad,Rīf Dimashq,,Syria,asia,33.4565281,36.3048058,84948,0,0,,,,الحجر الأسود
syria-70,Dārayyā,Rīf Dimashq,,Syria,asia,33.4587911,36.2388458,78763,0,0,,,,داريا
syria-71,Mu'aḍḍamīyat ash-Shām,Rīf Dimashq,,Syria,asia,33.4615876,36.1983105,52738,0,0,,,,معضمية الشام
syria-72,Ashrafīyat Ṣaḥnāyā,Rīf Dimashq,,Syria,asia,33.4328962,36.2399751,30519,0,0,,,,أشرفية صحنايا
syria-73,Ṣaḥnāyā,Rīf Dimashq,,Syria,asia,33.4226099,36.2259681,13993,0,0,,,,صحنايا
syria-74,Dūmā,Rīf Dimashq,,Syria,asia,33.5696629,36.4012933,110893,0,0,,,,دوما
syria-75,Ḥarastā,Rīf Dimashq,,Syria,asia,33.557736,36.3668183,68708,0,0,,,,حرستا
syria-76,Aḍ-Ḍumayr,Rīf Dimashq,,Syria,asia,33.644949,36.6920884,24223,0,0,,,,الضمير
syria-77,Adrā,Rīf Dimashq,,Syria,asia,33.60525,36.5161568,20559,0,0,,,,عدرا
syria-78,Buṭayḥat al-Wāfidīn,Rīf Dimashq,,Syria,asia,33.5963802,36.433231,16539,0,0,,,,بطيحة الوافدين
syria-79,Ḥarrān al-'Awāmīd,Rīf Dimashq,,Syria,asia,33.4478157,36.5602552,12117,0,0,,,,حران العواميد
syria-80,An-Nashābiyah,Rīf Dimashq,,Syria,asia,33.5107332,36.4849423,11053,0,0,,,,النشابية
syria-81,Al-Ytayba,Rīf Dimashq,,Syria,asia,33.4851086,36.6088323,10548,0,0,,,,العتيبة
syria-82,Madīnat ash-Shahīd Bāsil al-Asad al-'Ummāliyah Ba'drā,Rīf Dimashq,,Syria,asia,33.6324546,36.5151993,10504,0,0,,,,مدينة الشهيد باسل الأسد العمالية بعدرا
syria-83,Al-Ghizlāniyah,Rīf Dimashq,,Syria,asia,33.3980776,36.4565818,10473,0,0,,,,الغزلانية
syria-84,Ḍāḥiyat al-Asad,Rīf Dimashq,,Syria,asia,33.5801612,36.3536273,9858,0,0,,,,ضاحية الأسد
syria-85,Al-Hījānah,Rīf Dimashq,,Syria,asia,33.3600692,36.5479959,8138,0,0,,,,الهيجانة
syria-86,Al-'Abbādah,Rīf Dimashq,,Syria,asia,33.5030415,36.5669637,6385,0,0,,,,العبادة
syria-87,Judaydat al-Khāṣṣ,Rīf Dimashq,,Syria,asia,33.4050802,36.5441335,6298,0,0,,,,جديدة الخاص
syria-88,Dayr Salmān,Rīf Dimashq,,Syria,asia,33.48103,36.5009806,6227,0,0,,,,دير سلمان
syria-89,Misrābā,Rīf Dimashq,,Syria,asia,33.5504596,36.3974062,5942,0,0,,,,مسرابا
syria-90,Mudayrā,Rīf Dimashq,,Syria,asia,33.544977,36.3856853,4308,0,0,,,,مديرا
syria-91,Al-Qīsā,Rīf Dimashq,,Syria,asia,33.4854424,36.5417449,4151,0,0,,,,القيسا
syria-92,Ar-Rayḥān,Rīf Dimashq,,Syria,asia,33.5745387,36.4421696,4099,0,0,,,,الريحان
syria-93,Al-Kafrayn,Rīf Dimashq,,Syria,asia,33.4376364,36.5490622,3842,0,0,,,,الكفرين
syria-94,Ūtāyā,Rīf Dimashq,,Syria,asia,33.5221883,36.4585816,3720,0,0,,,,أوتايا
syria-95,Ḥafīr at-Tahṭā,Rīf Dimashq,,Syria,asia,33.6505537,36.4353718,3688,0,0,,,,حفير التحتا
syria-96,Aḍ-Ḍāmin,Rīf Dimashq,,Syria,asia,,,3571,0,0,,,,الضامن
syria-97,Al-Qāsimiyah,Rīf Dimashq,,Syria,asia,33.5069852,36.5195077,3518,0,0,,,,القاسمية
syria-98,Ḥawsh aḍ-Ḍawāhirah,Rīf Dimashq,,Syria,asia,33.5473856,36.460399,3415,0,0,,,,حوش الضواهره
syria-99,Ghasūlah,Rīf Dimashq,,Syria,asia,33.4239555,36.489397,3272,0,0,,,,غسولة
syria-100,Mayda'ā,Rīf Dimashq,,Syria,asia,33.5628085,36.5261121,3108,0,0,,,,ميدعا
syria-101,Al-Bīṭāriyah,Rīf Dimashq,,Syria,asia,33.3170471,36.5430181,3026,0,0,,,,البيطارية
syria-102,Ash-Shaffūniyah,Rīf Dimashq,,Syria,asia,33.5573509,36.4392036,2953,0,0,,,,الشفونية
syria-103,Al-Balāliyah,Rīf Dimashq,,Syria,asia,33.4958124,36.498951,2914,0,0,,,,البلالية
syria-104,Bayt Nāyim,Rīf Dimashq,,Syria,asia,33.5133069,36.4411516,2853,0,0,,,,بيت نايم
syria-105,Al-Baḥḥāriyah,Rīf Dimashq,,Syria,asia,33.5284302,36.5267224,2568,0,0,,,,البحارية
syria-106,Ḥarastā al-Qanṭarah,Rīf Dimashq,,Syria,asia,33.490686,36.4493222,2513,0,0,,,,حرستا القنطرة
syria-107,Ḥawsh Naṣrī,Rīf Dimashq,,Syria,asia,33.5575797,36.4720354,2459,0,0,,,,حوش نصري
syria-108,Ḥawsh al-Fārah,Rīf Dimashq,,Syria,asia,33.5646316,36.4831117,2451,0,0,,,,حوش الفاره
syria-109,Al-Aḥmadiyah,Rīf Dimashq,,Syria,asia,33.4703814,36.5161883,2352,0,0,,,,الأحمدية
syria-110,Al-Jarbā,Rīf Dimashq,,Syria,asia,33.5169425,36.5371654,2172,0,0,,,,الجربا
syria-111,Buzaynah,Rīf Dimashq,,Syria,asia,33.4828205,36.4401567,2099,0,0,,,,بزينة
syria-112,Widyān ar-Rabī',Rīf Dimashq,,Syria,asia,33.4379648,36.6878814,2072,0,0,,,,وديان الربيع
syria-113,Qaraḥtā,Rīf Dimashq,,Syria,asia,33.4083743,36.4274449,1951,0,0,,,,قرحتا
syria-114,Marj as-Sulṭān,Rīf Dimashq,,Syria,asia,33.4927523,36.4696977,1860,0,0,,,,مرج السلطان
syria-115,Az-Zamāniyah,Rīf Dimashq,,Syria,asia,33.499876,36.5186926,1790,0,0,,,,الزمانية
syria-116,Ḍumīr ar-Ramdān,Rīf Dimashq,,Syria,asia,33.5698667,36.7030001,1768,0,0,,,,ضمير الرمدان
syria-117,Al-Manṣūrah,Rīf Dimashq,,Syria,asia,33.4507855,36.4690483,1735,0,0,,,,المنصورة
syria-118,Ḍāḥiyat ash-Shahīd Bāsil al-Asad bilMaṭār,Rīf Dimashq,,Syria,asia,33.4335872,36.4636586,1729,0,0,,,,ضاحية الشهيد باسل الأسد بالمطار
syria-119,Al-Bayāḍ,Rīf Dimashq,,Syria,asia,33.4068058,36.4419468,1615,0,0,,,,البياض
syria-120,Sakkā,Rīf Dimashq,,Syria,asia,33.4374694,36.4669034,1520,0,0,,,,سكا
syria-121,Dayr al-Ḥajar,Rīf Dimashq,,Syria,asia,33.351721,36.449608,1324,0,0,,,,دير الحجر
syria-122,Tall aṣ-Ṣawwān,Rīf Dimashq,,Syria,asia,33.5852205,36.4861564,1266,0,0,,,,تل الصوان
syria-123,Tall Maskan,Rīf Dimashq,,Syria,asia,33.3697892,36.4994015,1207,0,0,,,,تل مسكن
syria-124,Al-Khāmisiyah,Rīf Dimashq,,Syria,asia,33.4657987,36.499874,1024,0,0,,,,الخامسية
syria-125,Dalbah,Rīf Dimashq,,Syria,asia,33.4415701,36.4725289,1002,0,0,,,,دلبة
syria-126,Al-Ṣh,Rīf Dimashq,,Syria,asia,33.5146529,36.4646959,907,0,0,,,,الصة
syria-127,Al-Qarmashiyah,Rīf Dimashq,,Syria,asia,33.3689344,36.435835,856,0,0,,,,القرمشية
syria-128,Nawlah,Rīf Dimashq,,Syria,asia,33.4659016,36.4639846,782,0,0,,,,نولة
syria-129,Al-Mālikiyah,Rīf Dimashq,,Syria,asia,33.4403596,36.4873679,602,0,0,,,,المالكية
syria-130,Al-Mubārakah,Rīf Dimashq,,Syria,asia,33.4047982,36.6025637,596,0,0,,,,المباركة
syria-131,As-Sab' Biyār,Rīf Dimashq,,Syria,asia,33.7802989,37.6890669,395,0,0,,,,السبع بيار
syria-132,An-Nu'ayriyah,Rīf Dimashq,,Syria,asia,,,183,0,0,,,,النعيرية
syria-133,Al-Baṭmī,Rīf Dimashq,,Syria,asia,33.7856576,37.2848265,18,0,0,,,,البطمي
syria-134,Judaydat 'Arṭūz,Rīf Dimashq,,Syria,asia,33.4384597,36.1629763,45000,0,0,,,,جديدة عرطوز
syria-135,Qaṭanā,Rīf Dimashq,,Syria,asia,33.4365009,36.0790235,33996,0,0,,,,قطنا
syria-136,Arṭūz,Rīf Dimashq,,Syria,asia,33.4209897,36.1477543,16199,0,0,,,,عرطوز
syria-137,Kanākir,Rīf Dimashq,,Syria,asia,33.2658744,36.0976626,13950,0,0,,,,كناكر
syria-138,Khān ash-Shīḥ,Rīf Dimashq,,Syria,asia,33.3741823,36.1149217,12148,0,0,,,,خان الشيح
syria-139,Aṣ-Ṣabbūrah,Rīf Dimashq,,Syria,asia,33.5152527,36.1253014,10969,0,0,,,,الصبورة
syria-140,Sa'sa',Rīf Dimashq,,Syria,asia,33.2838917,36.0231138,9945,0,0,,,,سعسع
syria-141,Darūshah,Rīf Dimashq,,Syria,asia,33.4006626,36.1292552,6091,0,0,,,,دروشه
syria-142,Mazra'at Bayt Jinn,Rīf Dimashq,,Syria,asia,33.3100703,35.9181746,5073,0,0,,,,مزرعة بيت جن
syria-143,Ya'fūr,Rīf Dimashq,,Syria,asia,33.5285182,36.0688425,4638,0,0,,,,يعفور
syria-144,Baytīmā,Rīf Dimashq,,Syria,asia,33.3649371,35.9965728,3366,0,0,,,,بيتيما
syria-145,Qal'at al-Jandal,Rīf Dimashq,,Syria,asia,33.421735,35.9622198,3251,0,0,,,,قلعة الجندل
syria-146,Dayr Mākir,Rīf Dimashq,,Syria,asia,33.233459,36.0278033,3228,0,0,,,,دير ماكر
syria-147,Arnah,Rīf Dimashq,,Syria,asia,33.3659759,35.8779149,3146,0,0,,,,عرنة
syria-148,Bayt Sābir,Rīf Dimashq,,Syria,asia,33.3259975,36.0008326,3021,0,0,,,,بيت سابر
syria-149,Kafr Ḥawar,Rīf Dimashq,,Syria,asia,33.355622,35.9741728,2957,0,0,,,,كفر حور
syria-150,Bayt Jinn,Rīf Dimashq,,Syria,asia,33.3144869,35.8794078,2846,0,0,,,,بيت جن
syria-151,Ḥarfā,Rīf Dimashq,,Syria,asia,33.2663832,35.9136509,2362,0,0,,,,حرفــا
syria-152,Bqa'sim,Rīf Dimashq,,Syria,asia,33.4061522,35.9394549,2268,0,0,,,,بقعسم
syria-153,Manshīyat Khān ash-Shīḥ,Rīf Dimashq,,Syria,asia,33.3632999,36.1025666,2146,0,0,,,,منشية خان الشيح
syria-154,Darbul,Rīf Dimashq,,Syria,asia,33.3569324,35.9107012,2049,0,0,,,,دربل
syria-155,Ḥīnah,Rīf Dimashq,,Syria,asia,33.3507148,35.9426985,1524,0,0,,,,حينة
syria-156,An-Nufūr,Rīf Dimashq,,Syria,asia,33.3095406,36.1038066,1203,0,0,,,,النفور
syria-157,Kawkab,Rīf Dimashq,,Syria,asia,33.3919353,36.1759453,1188,0,0,,,,كوكب
syria-158,Rīmah,Rīf Dimashq,,Syria,asia,33.3857884,35.9014571,1132,0,0,,,,ريمه
syria-159,Al-Bajjā',Rīf Dimashq,,Syria,asia,33.5349142,36.1455936,1058,0,0,,,,البجاع
syria-160,Kafr Qūq,Rīf Dimashq,,Syria,asia,33.4789414,36.0485803,1015,0,0,,,,كفرقوق
syria-161,Danājī,Rīf Dimashq,,Syria,asia,33.2148984,36.0615662,933,0,0,,,,دناجي
syria-162,Ras Āl Eīn Qaṭnā,Rīf Dimashq,,Syria,asia,33.5367701,36.0583578,892,0,0,,,,رأس العين قطنا
syria-163,Ash-Shawkatliyah,Rīf Dimashq,,Syria,asia,33.2344732,35.9724734,775,0,0,,,,الشوكتلية
syria-164,Dūrīn,Rīf Dimashq,,Syria,asia,33.2519346,35.9685327,750,0,0,,,,دورين
syria-165,Ḥimrīt,Rīf Dimashq,,Syria,asia,33.1860536,36.0068831,737,0,0,,,,حمريت
syria-166,Mā'iṣ,Rīf Dimashq,,Syria,asia,33.2001225,35.9902588,719,0,0,,,,ماعص
syria-167,Al-Hbāriyah,Rīf Dimashq,,Syria,asia,33.1863674,36.0662537,711,0,0,,,,الهباريـة
syria-168,Jisr aṣ-Ṣafrā',Rīf Dimashq,,Syria,asia,33.228221,35.9994889,704,0,0,,,,جسر الصفراء
syria-169,Ayn ash-Sha'rah,Rīf Dimashq,,Syria,asia,33.3757607,35.932696,659,0,0,,,,عين الشعره
syria-170,Abū Qāwūq,Rīf Dimashq,,Syria,asia,33.3093258,36.0601315,645,0,0,,,,أبو قاووق
syria-171,Mughr al-Mīr,Rīf Dimashq,,Syria,asia,33.3082853,35.9670352,588,0,0,,,,مغرالمير
syria-172,Al-Qulay'ah,Rīf Dimashq,,Syria,asia,33.2871576,36.0544932,533,0,0,,,,القليعة
syria-173,Rasm aṭ-Ṭaḥīn,Rīf Dimashq,,Syria,asia,,,455,0,0,,,,رسم الطحين
syria-174,Al-Maqrūṣa,Rīf Dimashq,,Syria,asia,33.2851989,35.9793167,443,0,0,,,,المقروصه
syria-175,Al-'Umrāt,Rīf Dimashq,,Syria,asia,33.5274029,36.104389,427,0,0,,,,العمرات
syria-176,Ambayyā,Rīf Dimashq,,Syria,asia,33.4450198,36.0428247,412,0,0,,,,أمبيا
syria-177,Rakhlah,Rīf Dimashq,,Syria,asia,33.5141652,35.9722785,368,0,0,,,,رخلة
syria-178,Ḥawsh an-Nufūr,Rīf Dimashq,,Syria,asia,33.2936946,36.0805416,363,0,0,,,,حوش النفور
syria-179,Al-'Adnāniyah,Rīf Dimashq,,Syria,asia,,,238,0,0,,,,العدنانية
syria-180,Khirbat as-Sawdā,Rīf Dimashq,,Syria,asia,33.3909091,35.9271764,124,0,0,,,,خربة السودا
syria-181,As-Sayyidah Zaynab,Rīf Dimashq,,Syria,asia,33.4464897,36.3362488,136427,0,0,,,,السيدة زينب
syria-182,Jaramānā,Rīf Dimashq,,Syria,asia,33.4863893,36.3482783,114363,0,0,,,,جرمانا
syria-183,As-Subaynah,Rīf Dimashq,,Syria,asia,33.4401384,36.2805258,62509,0,0,,,,السبينة
syria-184,Babīlā,Rīf Dimashq,,Syria,asia,33.468422,36.3310508,50880,0,0,,,,ببيلا
syria-185,Irbīn,Rīf Dimashq,,Syria,asia,33.5380079,36.3666112,44934,0,0,,,,عربين
syria-186,Zamalkā,Rīf Dimashq,,Syria,asia,33.5261956,36.3510736,44661,0,0,,,,زملكا
syria-187,Al-Kiswah,Rīf Dimashq,,Syria,asia,33.3584186,36.2411074,43456,0,0,,,,الكسوة
syria-188,Ayn Tarmā,Rīf Dimashq,,Syria,asia,33.5144069,36.3489198,35722,0,0,,,,عين ترما
syria-189,Qadsayyā,Rīf Dimashq,,Syria,asia,33.5474646,36.2157207,33571,0,0,,,,قدسيا
syria-190,Yaldā,Rīf Dimashq,,Syria,asia,33.4652568,36.32166,28384,0,0,,,,يلدا
syria-191,Siqbā,Rīf Dimashq,,Syria,asia,33.5184752,36.3799215,25696,0,0,,,,سقبا
syria-192,Al-Mulayḥah,Rīf Dimashq,,Syria,asia,33.4853073,36.3769557,23034,0,0,,,,المليحة
syria-193,Kafr Baṭnā,Rīf Dimashq,,Syria,asia,33.5126012,36.3735824,22535,0,0,,,,كفر بطنا
syria-194,Zākiyah,Rīf Dimashq,,Syria,asia,33.3344531,36.1599319,18553,0,0,,,,زاكية
syria-195,Bayt Saḥam,Rīf Dimashq,,Syria,asia,33.4746573,36.3389728,15667,0,0,,,,بيت سحم
syria-196,Ḥammūrah,Rīf Dimashq,,Syria,asia,33.5280369,36.3857176,13760,0,0,,,,حمورة
syria-197,Shab'ā,Rīf Dimashq,,Syria,asia,33.4509586,36.3905388,13446,0,0,,,,شبعا
syria-198,Al-Baḥdaliyah,Rīf Dimashq,,Syria,asia,33.4226347,36.3494102,12330,0,0,,,,البحدلية
syria-199,Al-Hāmah,Rīf Dimashq,,Syria,asia,33.5577654,36.223703,10045,0,0,,,,الهامة
syria-200,Ḍāḥiyat Qadsayyā as-Sakaniyah al-Jadīdah,Rīf Dimashq,,Syria,asia,33.5386437,36.1919814,9500,0,0,,,,ضاحية قدسيا السكنية الجديدة
syria-201,Jisrayn,Rīf Dimashq,,Syria,asia,33.5103908,36.3884251,9442,0,0,,,,جسرين
syria-202,Ḥazzah,Rīf Dimashq,,Syria,asia,33.5188698,36.3647745,9293,0,0,,,,حزة
syria-203,Al-Buwayḍah,Rīf Dimashq,,Syria,asia,33.4258028,36.3207692,8832,0,0,,,,البويضة
syria-204,Khān Dannūn,Rīf Dimashq,,Syria,asia,33.3313344,36.2300353,8727,0,0,,,,خان دنون
syria-205,Khirbat al-Ward,Rīf Dimashq,,Syria,asia,33.3992993,36.3700389,7293,0,0,,,,خربة الورد
syria-206,Zabdīn,Rīf Dimashq,,Syria,asia,33.4828176,36.4012208,7003,0,0,,,,زبدين
syria-207,Aqrabā,Rīf Dimashq,,Syria,asia,33.4721579,36.3503914,6799,0,0,,,,عقربا
syria-208,Bayt Siwā,Rīf Dimashq,,Syria,asia,33.538783,36.3996438,6249,0,0,,,,بيت سوا
syria-209,Dayr al-'Aṣāfīr,Rīf Dimashq,,Syria,asia,33.4648218,36.4195156,6209,0,0,,,,دير العصافير
syria-210,Ḥawsh Ṣahyā,Rīf Dimashq,,Syria,asia,33.421799,36.3334765,5355,0,0,,,,حوش صهيا
syria-211,Judaydat al-Wādī,Rīf Dimashq,,Syria,asia,33.5723455,36.1905426,5227,0,0,,,,جديدة الوادي
syria-212,Muqaylībah,Rīf Dimashq,,Syria,asia,33.3532438,36.2036008,5022,0,0,,,,مقيليبة
syria-213,Ḥatītat at-Turkumān,Rīf Dimashq,,Syria,asia,33.4349514,36.4264162,4800,0,0,,,,حتيتة التركمان
syria-214,Ḥujayrah,Rīf Dimashq,,Syria,asia,33.44123,36.3254312,4584,0,0,,,,حجيرة
syria-215,Al-'Ādiliyah,Rīf Dimashq,,Syria,asia,33.3748038,36.3483278,4438,0,0,,,,العادلية
syria-216,Dayr 'Alī,Rīf Dimashq,,Syria,asia,33.2803262,36.3036817,4368,0,0,,,,دير علي
syria-217,Dayr Khabiyah,Rīf Dimashq,,Syria,asia,33.3645548,36.1595933,4350,0,0,,,,ديرخبية
syria-218,Aṭ-Ṭayyibah,Rīf Dimashq,,Syria,asia,33.3317759,36.197976,4008,0,0,,,,الطيبة
syria-219,Khiyārat Dannūn,Rīf Dimashq,,Syria,asia,33.3251319,36.2430196,3645,0,0,,,,خيارة دنون
syria-220,Al-Ḥarjal,Rīf Dimashq,,Syria,asia,33.3714194,36.3130673,3550,0,0,,,,الحرجلة
syria-221,Basīmah,Rīf Dimashq,,Syria,asia,33.6039807,36.1992385,2812,0,0,,,,بسيمة
syria-222,Jubb aṣ-Ṣafā,Rīf Dimashq,,Syria,asia,33.2335618,36.3163464,2499,0,0,,,,جب الصفا
syria-223,Ashrafīyat al-Wādī,Rīf Dimashq,,Syria,asia,33.5896972,36.1964149,2101,0,0,,,,أشرفية الوادي
syria-224,Al-Mu'allaqah,Rīf Dimashq,,Syria,asia,,,1515,0,0,,,,المعلقة
syria-225,Ayn al-Bayḍah,Rīf Dimashq,,Syria,asia,33.324143,36.2178873,1252,0,0,,,,عين البيضة
syria-226,Marānah,Rīf Dimashq,,Syria,asia,33.3581608,36.1993359,1176,0,0,,,,مرانة
syria-227,Al-Maṭallah,Rīf Dimashq,,Syria,asia,33.3331258,36.3826551,1162,0,0,,,,المطله
syria-228,Jamrāyā,Rīf Dimashq,,Syria,asia,33.5691296,36.2310747,1156,0,0,,,,جمرايا
syria-229,Arkīs,Rīf Dimashq,,Syria,asia,33.2347609,36.1730953,1117,0,0,,,,أركيس
syria-230,Ṣahbā,Rīf Dimashq,,Syria,asia,,,1111,0,0,,,,صهبا
syria-231,Najhā,Rīf Dimashq,,Syria,asia,33.3853038,36.3731887,1050,0,0,,,,نجها
syria-232,Qārā,Rīf Dimashq,,Syria,asia,33.2108537,36.3324256,901,0,0,,,,قارا
syria-233,Ayn as-Sawdah,Rīf Dimashq,,Syria,asia,33.3105325,36.2217781,809,0,0,,,,عين السودة
syria-234,Khirbat ash-Shiyāb,Rīf Dimashq,,Syria,asia,33.3079359,36.3771453,789,0,0,,,,خربة الشياب
syria-235,Aftarīs,Rīf Dimashq,,Syria,asia,33.5164728,36.4008657,777,0,0,,,,افتريس
syria-236,Az-Zurayqiyah,Rīf Dimashq,,Syria,asia,33.2318623,36.1999942,749,0,0,,,,الزريقية
syria-237,Al-Ahdāf,Rīf Dimashq,,Syria,asia,33.4383459,36.383794,572,0,0,,,,الأهداف
syria-238,Murjānah,Rīf Dimashq,,Syria,asia,33.2340182,36.3709374,559,0,0,,,,مرجانة
syria-239,Ḥawsh as-Sulṭān,Rīf Dimashq,,Syria,asia,33.4144178,36.3991292,477,0,0,,,,حوش السلطان
syria-240,As-Sa'ādah,Rīf Dimashq,,Syria,asia,33.2036351,36.3650633,463,0,0,,,,السعادة
syria-241,Shaqḥab,Rīf Dimashq,,Syria,asia,33.2335635,36.1853922,252,0,0,,,,شقحب
syria-242,Umm al-'Awāmīd,Rīf Dimashq,,Syria,asia,33.210758,36.3685249,250,0,0,,,,أم العواميد
syria-243,Yabrūd,Rīf Dimashq,,Syria,asia,33.9665336,36.6609885,25891,0,0,,,,يبرود
syria-244,Ra's al-Ma'arrah,Rīf Dimashq,,Syria,asia,33.9953925,36.5603539,8520,0,0,,,,رأس المعرة
syria-245,Assāl al-Ward,Rīf Dimashq,,Syria,asia,33.8643647,36.4154881,5812,0,0,,,,عسال الورد
syria-246,Al-Jubbah,Rīf Dimashq,,Syria,asia,33.9083079,36.4798853,2829,0,0,,,,الجبة
syria-247,Ras Āl Eīn - Yabrūd,Rīf Dimashq,,Syria,asia,33.9533107,36.6249665,2754,0,0,,,,رأس العين - يبرود
syria-248,Aṣ-Ṣarkhah,Rīf Dimashq,,Syria,asia,33.8853783,36.5633166,1405,0,0,,,,الصرخه
syria-249,Rīmā,Rīf Dimashq,,Syria,asia,33.9974393,36.6938712,1034,0,0,,,,ريما
syria-250,Wādī an-Na'īm,Rīf Dimashq,,Syria,asia,,,125,0,0,,,,وادي النعيم
syria-251,Ṣaydā,Al-Qunayṭirah,,Syria,asia,32.8756379,35.8774044,1915,0,0,,,,صيدا
syria-252,Razzāniyat Ṣaydā,Al-Qunayṭirah,,Syria,asia,32.8831183,35.8616105,32,0,0,,,,رزانية صيدا
syria-253,Khān Arnabah,Al-Qunayṭirah,,Syria,asia,33.1837207,35.8895021,7375,0,0,,,,خان أرنبة
syria-254,Nab' aṣ-Ṣakhr,Al-Qunayṭirah,,Syria,asia,33.0846997,35.9513959,6172,0,0,,,,نبع الصخر
syria-255,Jabā,Al-Qunayṭirah,,Syria,asia,33.162287,35.926836,5281,0,0,,,,جبا
syria-256,Ḥaḍar,Al-Qunayṭirah,,Syria,asia,33.2802293,35.8299348,4819,0,0,,,,حضر
syria-257,Jubbātā al-Khashab,Al-Qunayṭirah,,Syria,asia,33.2257594,35.8341343,3493,0,0,,,,جباتا الخشب
syria-258,Kawm al-Waysahmarj Barghūth,Al-Qunayṭirah,,Syria,asia,33.2056003,35.9560248,3259,0,0,,,,كوم الويسة_مرج برغوث
syria-259,Masḥarah,Al-Qunayṭirah,,Syria,asia,33.1367591,35.9632545,2986,0,0,,,,مسحرة
syria-260,Qarqas,Al-Qunayṭirah,,Syria,asia,32.9546645,35.9870052,2486,0,0,,,,قرقس
syria-261,Suwaysah,Al-Qunayṭirah,,Syria,asia,32.9973341,35.9330138,2316,0,0,,,,سويسة
syria-262,Ar-Rafīd,Al-Qunayṭirah,,Syria,asia,32.955949,35.9008685,2263,0,0,,,,الرفيد
syria-263,Al-Quṣaybah,Al-Qunayṭirah,,Syria,asia,32.9795659,35.9584801,1983,0,0,,,,القصيبة
syria-264,Al-Mu'allaqah,Al-Qunayṭirah,,Syria,asia,32.9170652,35.8931684,1900,0,0,,,,المعلقة
syria-265,Kūdnah,Al-Qunayṭirah,,Syria,asia,33.0090593,35.8884666,1857,0,0,,,,كودنة
syria-266,Ghadīr al-Bustān,Al-Qunayṭirah,,Syria,asia,32.9188168,35.9159549,1628,0,0,,,,غدير البستان
syria-267,Umm Bāṭinah,Al-Qunayṭirah,,Syria,asia,33.1223012,35.900938,1605,0,0,,,,أم باطنة
syria-268,Al-Ba'th,Al-Qunayṭirah,,Syria,asia,33.1694107,35.8685434,1543,0,0,,,,البعث
syria-269,Mumtinah,Al-Qunayṭirah,,Syria,asia,33.1080616,35.9230181,1367,0,0,,,,ممتنة
syria-270,Al-Ḥamīdiyah,Al-Qunayṭirah,,Syria,asia,33.1562666,35.8478684,1243,0,0,,,,الحميدية
syria-271,Ruwayḥīnah,Al-Qunayṭirah,,Syria,asia,33.0827055,35.8714732,1168,0,0,,,,رويحينة
syria-272,Ṭurunjah,Al-Qunayṭirah,,Syria,asia,33.2331641,35.8449388,1046,0,0,,,,طرنجة
syria-273,Al-Hajjah,Al-Qunayṭirah,,Syria,asia,33.0227213,35.9474505,954,0,0,,,,الهجة
syria-274,Ūfanīā,Al-Qunayṭirah,,Syria,asia,33.2018225,35.8596105,845,0,0,,,,أوفانيا
syria-275,Ayn at Tīnah,Al-Qunayṭirah,,Syria,asia,32.9980104,35.9602689,691,0,0,,,,عين التينة
syria-276,Kawm al-Bāshā,Al-Qunayṭirah,,Syria,asia,33.060343,35.9430987,679,0,0,,,,كوم الباشا
syria-277,Al-Qaḥṭāniyah,Al-Qunayṭirah,,Syria,asia,33.1093362,35.8377735,663,0,0,,,,القحطانية
syria-278,Ṣamdāniyat Sharqiyah,Al-Qunayṭirah,,Syria,asia,33.1573016,35.8865613,635,0,0,,,,صمدانية شرقية
syria-279,Al-Khālidiyah,Al-Qunayṭirah,,Syria,asia,33.1138186,35.9128684,598,0,0,,,,الخالدية
syria-280,Al-Baṣṣah ash-Sharqyh'ayn al-Qāḍī,Al-Qunayṭirah,,Syria,asia,32.8997436,35.8780671,521,0,0,,,,البصة الشرقية_عين القاضي
syria-281,Ayobā,Al-Qunayṭirah,,Syria,asia,33.1829576,35.9645685,499,0,0,,,,أيوبا
syria-282,Al-Aṣbaḥ,Al-Qunayṭirah,,Syria,asia,32.9794519,35.8844001,380,0,0,,,,الأصبح
syria-283,Burayqah,Al-Qunayṭirah,,Syria,asia,33.0429581,35.8711071,371,0,0,,,,بريقة
syria-284,Aṣ-Ṣamdāniyah al-Gharbiyah,Al-Qunayṭirah,,Syria,asia,33.1448627,35.8644128,367,0,0,,,,الصمدانية الغربية
syria-285,Bi'r 'Ajam,Al-Qunayṭirah,,Syria,asia,33.0531367,35.8673645,353,0,0,,,,بئر عجم
syria-286,Manshīyat Suwaysah,Al-Qunayṭirah,,Syria,asia,33.0077235,35.9351358,290,0,0,,,,منشية سويسة
syria-287,Ḥalas,Al-Qunayṭirah,,Syria,asia,33.2451285,35.934866,280,0,0,,,,حلس
syria-288,Al-Manṣūr,Al-Qunayṭirah,,Syria,asia,,,265,0,0,,,,المنصور
syria-289,Al-Ḥurriyah,Al-Qunayṭirah,,Syria,asia,33.1896767,35.8453104,233,0,0,,,,الحرية
syria-290,Al-Qunayṭirah,Al-Qunayṭirah,,Syria,asia,33.1244369,35.8230108,153,0,1,,,,القنيطرة
syria-291,Rasm ar-Rawāḍī,Al-Qunayṭirah,,Syria,asia,33.1381861,35.8474869,153,0,0,,,,رسم الرواضي
syria-292,Al-'Ashshah,Al-Qunayṭirah,,Syria,asia,32.9723835,35.8836357,113,0,0,,,,العشة
syria-293,Dar'ā,Dar'ā,,Syria,asia,32.6227776,36.1067639,97969,0,1,,,,درعا
syria-294,Ṣaydā,Dar'ā,,Syria,asia,32.6289018,36.2233337,11215,0,0,,,,صيدا
syria-295,Aṭ-Ṭayyibah,Dar'ā,,Syria,asia,32.562895,36.2461623,7969,0,0,,,,الطيبة
syria-296,Utmān,Dar'ā,,Syria,asia,32.6664138,36.1147901,8929,0,0,,,,عتمان
syria-297,An-Nu'aymah,Dar'ā,,Syria,asia,32.6330753,36.1593956,7472,0,0,,,,النعيمة
syria-298,Naṣīb,Dar'ā,,Syria,asia,32.551721,36.184405,5780,0,0,,,,نصيب
syria-299,Kaḥīl,Dar'ā,,Syria,asia,32.6184485,36.2674354,3728,0,0,,,,كحيل
syria-300,Umm al-Mayādhin,Dar'ā,,Syria,asia,32.5844287,36.1904743,3419,0,0,,,,أم المياذن
syria-301,Buṣrā ash-Shām,Dar'ā,,Syria,asia,32.5191381,36.4805732,19683,0,0,,,,بصرى الشام
syria-302,Mi'rabah,Dar'ā,,Syria,asia,32.5450181,36.4251752,8988,0,0,,,,معربة
syria-303,Ṣamād,Dar'ā,,Syria,asia,32.475482,36.5216222,3098,0,0,,,,صماد
syria-304,Samj,Dar'ā,,Syria,asia,32.4426496,36.4906827,141,0,0,,,,سمج
syria-305,Ṭīsyā,Dar'ā,,Syria,asia,32.4145847,36.4558613,26,0,0,,,,طيسيا
syria-306,Jamrīn,Dar'ā,,Syria,asia,32.5469939,36.4947174,1000,0,0,,,,جمرين
syria-307,As-Summāqīyāt,Dar'ā,,Syria,asia,32.4285477,36.3964412,511,0,0,,,,السماقيات
syria-308,Abū Kātūlah,Dar'ā,,Syria,asia,32.4140358,36.3677446,76,0,0,,,,أبو كاتولة
syria-309,Nadā,Dar'ā,,Syria,asia,32.4489016,36.354842,316,0,0,,,,ندى
syria-310,Khirbat Ghazālah,Dar'ā,,Syria,asia,32.7352321,36.2051012,16240,0,0,,,,خربة غزالة
syria-311,Al-Ghāriyah ash-Sharqiyah,Dar'ā,,Syria,asia,32.6780352,36.260532,11945,0,0,,,,الغارية الشرقية
syria-312,Al-Ghāriyah al-Ghuraybah,Dar'ā,,Syria,asia,32.6880199,36.2258244,9784,0,0,,,,الغارية الغريبة
syria-313,Almā,Dar'ā,,Syria,asia,32.7489469,36.2412161,6297,0,0,,,,علما
syria-314,Ash-Shajarah,Dar'ā,,Syria,asia,32.7754517,35.8825975,6567,0,0,,,,الشجرة
syria-315,Saḥam al-Jawlān,Dar'ā,,Syria,asia,32.7811111,35.9347222,6572,0,0,,,,سحم الجولان
syria-316,Kuwayyā,Dar'ā,,Syria,asia,32.7477799,35.8281018,2025,0,0,,,,كويا
syria-317,Ḥayṭ,Dar'ā,,Syria,asia,32.7482792,35.9094777,3956,0,0,,,,حيط
syria-318,Ayn Dhakr,Dar'ā,,Syria,asia,32.8584757,35.9089951,2041,0,0,,,,عين ذكر
syria-319,Ābidīn,Dar'ā,,Syria,asia,32.7804728,35.8246625,1454,0,0,,,,عابدين
syria-320,Nāfi'ah,Dar'ā,,Syria,asia,32.8100504,35.8953748,2673,0,0,,,,نافعة
syria-321,Ma'arriyah,Dar'ā,,Syria,asia,32.7646235,35.7994008,1083,0,0,,,,معرية
syria-322,Bayt Arrah,Dar'ā,,Syria,asia,32.7580986,35.8426444,1878,0,0,,,,بيت أرة
syria-323,Jamlah,Dar'ā,,Syria,asia,32.8057718,35.8522184,1916,0,0,,,,جملة
syria-324,Ash-Shabraq,Dar'ā,,Syria,asia,32.8321962,35.8908155,454,0,0,,,,الشبرق
syria-325,Al-Luwayḥiq,Dar'ā,,Syria,asia,32.8482456,35.8803699,125,0,0,,,,اللويحق
syria-326,Al-Quṣayr,Dar'ā,,Syria,asia,32.7416081,35.8815974,674,0,0,,,,القصير
syria-327,Al-'Āriḍah,Dar'ā,,Syria,asia,32.774079,35.817412,482,0,0,,,,العارضه
syria-328,Abū Ḥāratayn,Dar'ā,,Syria,asia,32.857687,35.8887556,322,0,0,,,,أبو حارتين
syria-329,Musayritiyah,Dar'ā,,Syria,asia,32.8427501,35.8605628,262,0,0,,,,مسيرتية
syria-330,Manshīyat Kuwayyā,Dar'ā,,Syria,asia,32.7456639,35.811397,1722,0,0,,,,منشية كويا
syria-331,Dā'il,Dar'ā,,Syria,asia,32.754692,36.1297713,29408,0,0,,,,داعل
syria-332,Ibṭa',Dar'ā,,Syria,asia,32.7899783,36.152792,14283,0,0,,,,أبطع
syria-333,Ṭafas,Dar'ā,,Syria,asia,32.7372434,36.068418,32236,0,0,,,,طفس
syria-334,Muzayrīb,Dar'ā,,Syria,asia,32.711093,36.0269289,12640,0,0,,,,مزيريب
syria-335,Tall Shihāb,Dar'ā,,Syria,asia,32.6762645,35.9833573,9430,0,0,,,,تل شهاب
syria-336,Al-Yādūdah,Dar'ā,,Syria,asia,32.6756191,36.0569421,8967,0,0,,,,اليادودة
syria-337,Jallayn,Dar'ā,,Syria,asia,32.7567107,35.9918555,4337,0,0,,,,جلين
syria-338,Al-'Ajamī,Dar'ā,,Syria,asia,32.7367537,35.9848353,1646,0,0,,,,العجمي
syria-339,Zayzūn,Dar'ā,,Syria,asia,32.7301972,35.9415137,1933,0,0,,,,زيزون
syria-340,Al-Ṭabrīyāt,Dar'ā,,Syria,asia,32.7176521,35.9417293,429,0,0,,,,الطبريات
syria-341,Nahj,Dar'ā,,Syria,asia,32.7028608,35.9900936,1007,0,0,,,,نهج
syria-342,Al-Jīzah,Dar'ā,,Syria,asia,32.5694306,36.3149866,14700,0,0,,,,الجيزة
syria-343,Ghaṣam,Dar'ā,,Syria,asia,32.546,36.37511,3666,0,0,,,,غصم
syria-344,Al-Matāeiyah,Dar'ā,,Syria,asia,32.4940193,36.2922228,2734,0,0,,,,المتاعية
syria-345,Al-Musayfirah,Dar'ā,,Syria,asia,32.630404,36.3390281,10466,0,0,,,,المسيفرة
syria-346,Al-Karak,Dar'ā,,Syria,asia,32.6855556,36.3491667,10510,0,0,,,,الكرك
syria-347,Umm Walad,Dar'ā,,Syria,asia,32.6579311,36.4338668,7547,0,0,,,,أم ولد
syria-348,Al-Sahwa,Dar'ā,,Syria,asia,32.5961309,36.3677228,3950,0,0,,,,السهوة
syria-349,Inkhil,Dar'ā,,Syria,asia,33.0205084,36.130804,31258,0,0,,,,أنخل
syria-350,Aṣ-Ṣanamayn,Dar'ā,,Syria,asia,33.0732448,36.1833927,26268,0,0,,,,الصنمين
syria-351,Al-Ḥārah,Dar'ā,,Syria,asia,33.0562072,36.0039899,17172,0,0,,,,الحارة
syria-352,Kafr Shams,Dar'ā,,Syria,asia,33.1184788,36.1064988,12435,0,0,,,,كفر شمس
syria-353,Khabab,Dar'ā,,Syria,asia,33.0124147,36.2760948,3379,0,0,,,,خبب
syria-354,Al-Qanayyah,Dar'ā,,Syria,asia,33.0125597,36.1851469,7256,0,0,,,,القنية
syria-355,Tibnah,Dar'ā,,Syria,asia,32.992556,36.2184505,1272,0,0,,,,تبنه
syria-356,Qayṭah,Dar'ā,,Syria,asia,33.0712757,36.1369269,3199,0,0,,,,قيطة
syria-357,Baṣīr,Dar'ā,,Syria,asia,33.0622869,36.2326767,1442,0,0,,,,بصير
syria-358,Simlīn,Dar'ā,,Syria,asia,33.0396832,36.0991064,2513,0,0,,,,سملين
syria-359,Ayyub,Dar'ā,,Syria,asia,33.0285582,36.3175729,966,0,0,,,,ايب
syria-360,Kurayyim al-Janūbī,Dar'ā,,Syria,asia,33.0442262,36.3048056,923,0,0,,,,كريم الجنوبي
syria-361,Zimrīn,Dar'ā,,Syria,asia,33.0613913,36.0762927,2048,0,0,,,,زمرين
syria-362,Jadyā,Dar'ā,,Syria,asia,33.0652845,36.109274,1463,0,0,,,,جديا
syria-363,Al-Jisrī,Dar'ā,,Syria,asia,33.0091492,36.3551614,539,0,0,,,,الجسري
syria-364,Barqah,Dar'ā,,Syria,asia,32.9296996,36.136677,1183,0,0,,,,برقة
syria-365,Al-Mismiyah,Dar'ā,,Syria,asia,33.1333333,36.3833333,1498,0,0,,,,المسمية
syria-366,Ash-Shaqrāniyah,Dar'ā,,Syria,asia,33.2474398,36.4871539,283,0,0,,,,الشقرانية
syria-367,Ash-Sharāyi',Dar'ā,,Syria,asia,33.1300799,36.3713161,1341,0,0,,,,الشرائع
syria-368,Sha'ārah,Dar'ā,,Syria,asia,33.1069814,36.3368953,1790,0,0,,,,شعارة
syria-369,Umm al-Quṣūr,Dar'ā,,Syria,asia,33.1860778,36.3335652,440,0,0,,,,أم القصور
syria-370,Burāq,Dar'ā,,Syria,asia,33.1844075,36.4803365,712,0,0,,,,براق
syria-371,Buwayḍān,Dar'ā,,Syria,asia,33.19778,36.4286473,717,0,0,,,,بويضان
syria-372,Bulayy,Dar'ā,,Syria,asia,33.2241352,36.4628204,566,0,0,,,,بلي
syria-373,Kurayyim ash-Shamālī,Dar'ā,,Syria,asia,33.0647857,36.3168098,201,0,0,,,,كريم الشمالي
syria-374,Sākirah,Dar'ā,,Syria,asia,33.1689335,36.4563522,136,0,0,,,,ساكرة
syria-375,Ḥawsh Ḥammād,Dar'ā,,Syria,asia,33.0498009,36.4940588,315,0,0,,,,حوش حماد
syria-376,Az-Zubaydiyah,Dar'ā,,Syria,asia,33.2346946,36.4128391,232,0,0,,,,الزبيدية
syria-377,Ma'arrat al-Bayḍah,Dar'ā,,Syria,asia,33.1631612,36.4150493,126,0,0,,,,معرة البيضة
syria-378,Aṭ-Ṭaff,Dar'ā,,Syria,asia,33.1175838,36.4106664,102,0,0,,,,الطف
syria-379,Saṭêḥ Zahnān,Dar'ā,,Syria,asia,33.1164757,36.3978185,173,0,0,,,,سطح زهنان
syria-380,As-Suwaymirah,Dar'ā,,Syria,asia,33.2174476,36.5282257,141,0,0,,,,السويمرة
syria-381,Ghabāghib,Dar'ā,,Syria,asia,33.1831577,36.2247391,11802,0,0,,,,غباغب
syria-382,Jibāb,Dar'ā,,Syria,asia,33.1108333,36.2689294,7699,0,0,,,,جباب
syria-383,Dayr al-Bukht,Dar'ā,,Syria,asia,33.1471824,36.1881956,5381,0,0,,,,دير البخت
syria-384,Aqrabā,Dar'ā,,Syria,asia,33.1087321,36.0073085,4413,0,0,,,,عقربا
syria-385,Dayr al-'Adas,Dar'ā,,Syria,asia,33.1599054,36.1250705,3273,0,0,,,,دير العدس
syria-386,Aṭ-Ṭayḥah,Dar'ā,,Syria,asia,33.1471697,35.9977419,2583,0,0,,,,الطيحة
syria-387,Mothabīn,Dar'ā,,Syria,asia,33.1421875,36.2476159,2351,0,0,,,,موثبين
syria-388,Āliqīn,Dar'ā,,Syria,asia,33.2245491,36.265581,1753,0,0,,,,عالقين
syria-389,Kafr Nāsij,Dar'ā,,Syria,asia,33.1509392,36.0396667,2381,0,0,,,,كفر ناسج
syria-390,Mankat al-Ḥaṭab,Dar'ā,,Syria,asia,33.2099057,36.2972124,988,0,0,,,,منكت الحطب
syria-391,Kammūnah,Dar'ā,,Syria,asia,33.2463524,36.2389519,737,0,0,,,,كمونة
syria-392,Manshīyat as-Sabīl,Dar'ā,,Syria,asia,33.249677,36.2233006,973,0,0,,,,منشية السبيل
syria-393,Al-Māl,Dar'ā,,Syria,asia,33.1339981,36.0085531,1459,0,0,,,,المال
syria-394,Izra',Dar'ā,,Syria,asia,32.8546282,36.2420324,19158,0,0,,,,ازرع
syria-395,Maḥajjah,Dar'ā,,Syria,asia,32.9567388,36.2211383,9982,0,0,,,,محجة
syria-396,Biṣr al-Ḥarīr,Dar'ā,,Syria,asia,32.839634,36.3412414,13315,0,0,,,,بصرالحرير
syria-397,Musaykah,Dar'ā,,Syria,asia,32.9212832,36.3126843,1606,0,0,,,,مسيكة
syria-398,Shaqrā,Dar'ā,,Syria,asia,32.9068405,36.2378802,487,0,0,,,,شقرا
syria-399,Jaddil,Dar'ā,,Syria,asia,32.9724161,36.3639902,1508,0,0,,,,جدل
syria-400,Al-Buwayr,Dar'ā,,Syria,asia,32.9306852,36.286265,713,0,0,,,,البوير
syria-401,An-Najīḥ,Dar'ā,,Syria,asia,32.932684,36.2516909,603,0,0,,,,النجيح
syria-402,Az-Zabāyir,Dar'ā,,Syria,asia,32.9810526,36.2980818,471,0,0,,,,الزباير
syria-403,Al-Mujaydil,Dar'ā,,Syria,asia,32.9631885,36.2551835,598,0,0,,,,المجيدل
syria-404,Ṣūr,Dar'ā,,Syria,asia,32.9588055,36.3043711,924,0,0,,,,صور
syria-405,Āsim,Dar'ā,,Syria,asia,32.9481823,36.3235971,821,0,0,,,,عاسم
syria-406,Al-Malzūmeh,Dar'ā,,Syria,asia,32.9113707,36.2427625,514,0,0,,,,الملزومة
syria-407,Ma'āwiyah,Dar'ā,,Syria,asia,,,313,0,0,,,,معاوية
syria-408,Al-Maṭallah,Dar'ā,,Syria,asia,32.9898247,36.3255531,565,0,0,,,,المطلة
syria-409,Ash-Shawmarah,Dar'ā,,Syria,asia,32.9849079,36.4292976,553,0,0,,,,الشومرة
syria-410,Al-Wrād,Dar'ā,,Syria,asia,32.8972709,36.2609642,250,0,0,,,,الوراد
syria-411,Ḥāmir,Dar'ā,,Syria,asia,32.9458841,36.2917738,430,0,0,,,,حامر
syria-412,Qīrāṭah,Dar'ā,,Syria,asia,32.9487832,36.2677627,682,0,0,,,,قيراطة
syria-413,Mulayḥat al-'Aṭash,Dar'ā,,Syria,asia,32.8239176,36.2947643,3150,0,0,,,,مليحة العطش
syria-414,Ruwayssāt,Dar'ā,,Syria,asia,32.9757999,36.3128683,117,0,0,,,,رويسات
syria-415,Jāsim,Dar'ā,,Syria,asia,32.9909125,36.0608068,31683,0,0,,,,جاسم
syria-416,Nimr,Dar'ā,,Syria,asia,33.0228598,36.0260292,7941,0,0,,,,نمر
syria-417,Al-Ḥirāk,Dar'ā,,Syria,asia,32.7496877,36.3039414,20760,0,0,,,,الحراك
syria-418,Al-Mulayḥah al-Gharbiyah,Dar'ā,,Syria,asia,32.7520701,36.3448724,5454,0,0,,,,المليحة الغربية
syria-419,Nāḥitah,Dar'ā,,Syria,asia,32.7874318,36.3490865,7789,0,0,,,,ناحتة
syria-420,Al-Mulayḥah ash-Sharqiyah,Dar'ā,,Syria,asia,32.7581831,36.3664554,2408,0,0,,,,المليحة الشرقية
syria-421,Aṣ-Ṣūrah,Dar'ā,,Syria,asia,32.7499653,36.2608353,4021,0,0,,,,الصورة
syria-422,Rakham,Dar'ā,,Syria,asia,32.7194574,36.3441889,547,0,0,,,,رخم
syria-423,Nawā,Dar'ā,,Syria,asia,32.8909237,36.0396984,47066,0,0,,,,نوى
syria-424,Ash-Shaykh Sa'd,Dar'ā,,Syria,asia,32.8362361,36.0369596,3373,0,0,,,,الشيخ سعد
syria-425,Adwān,Dar'ā,,Syria,asia,32.8203819,35.9952038,2487,0,0,,,,عدوان
syria-426,An-Nāṣiriyah,Dar'ā,,Syria,asia,32.937839,35.9563796,2175,0,0,,,,الناصرية
syria-427,As-Sukkariyah,Dar'ā,,Syria,asia,32.9294987,35.9879172,973,0,0,,,,السكرية
syria-428,Al-Jabaliyah,Dar'ā,,Syria,asia,32.9021509,35.9538544,1330,0,0,,,,الجبيلية
syria-429,Ash-Shaykh Miskīn,Dar'ā,,Syria,asia,32.8284957,36.1580681,24057,0,0,,,,الشيخ مسكين
syria-430,Qarfā,Dar'ā,,Syria,asia,32.8148212,36.2015702,4885,0,0,,,,قرفــا
syria-431,Nāmir,Dar'ā,,Syria,asia,33.052009,36.4906858,2507,0,0,,,,نامر
syria-432,Al-Faqī',Dar'ā,,Syria,asia,32.9462127,36.1679606,1047,0,0,,,,الفقيع
syria-433,As-Suḥayliyah,Dar'ā,,Syria,asia,32.8876772,36.1554872,603,0,0,,,,السحيلية
syria-434,Al-Dalī,Dar'ā,,Syria,asia,32.9047039,36.1562206,1271,0,0,,,,الدلي
syria-435,Tasīl,Dar'ā,,Syria,asia,32.8346247,35.9706055,15985,0,0,,,,تسيل
syria-436,Al-Bakkār,Dar'ā,,Syria,asia,32.8798723,35.9092826,833,0,0,,,,البكار
syria-437,Al-Bakkār Sharqī,Dar'ā,,Syria,asia,32.8823281,35.9280165,960,0,0,,,,البكار شرقي
